na, MPa, na, MPa, m/m, na, MPa, na, na, mm, mm, mm, MPa, na, MPa, MPa, na, na, na, na, na, na, na, na, na, na, na
na, MPa, na, MPa, m/m, na, MPa, na, na, mm, mm, mm, MPa, na, MPa, MPa, na, na, na, na, na, na, na, na, na, na, na
na, MPa, na, MPa, m/m, na, MPa, na, na, mm, mm, mm, MPa, na, MPa, MPa, na, na, na, na, na, na, na, na, na, na, na
na, MPa, na, MPa, m/m, na, MPa, na, na, mm, mm, mm, MPa, na, MPa, MPa, na, na, na, na, na, na, na, na, na, na, na
na, MPa, na, MPa, m/m, na, MPa, na, na, mm, mm, mm, MPa, na, MPa, MPa, na, na, na, na, na, na, na, na, na, na, na
na, MPa, na, MPa, m/m, na, MPa, na, na, mm, mm, mm, MPa, na, MPa, MPa, na, na, na, na, na, na, na, na, na, na, na
na, MPa, na, MPa, m/m, na, MPa, na, na, mm, mm, mm, MPa, na, MPa, MPa, na, na, na, na, na, na, na, na, na, na, na
na, MPa, na, MPa, m/m, na, MPa, na, na, mm, mm, mm, MPa, na, MPa, MPa, na, na, na, na, na, na, na, na, na, na, na
na, MPa, na, MPa, m/m, na, MPa, na, na, mm, mm, mm, MPa, na, MPa, MPa, na, na, na, na, na, na, na, na, na, na, na
na, MPa, na, MPa, m/m, na, MPa, na, na, mm, mm, mm, MPa, na, MPa, MPa, na, na, na, na, na, na, na, na, na, na, na
na, MPa, na, MPa, m/m, na, MPa, na, na, mm, mm, mm, MPa, na, MPa, MPa, na, na, na, na, na, na, na, na, na, na, na
na, MPa, na, MPa, m/m, na, MPa, na, na, mm, mm, mm, MPa, na, MPa, MPa, na, na, na, na, na, na, na, na, na, na, na
na, MPa, na, MPa, m/m, na, MPa, na, na, mm, mm, mm, MPa, na, MPa, MPa, na, na, na, na, na, na, na, na, na, na, na
na, MPa, na, MPa, m/m, na, MPa, na, na, mm, mm, mm, MPa, na, MPa, MPa, na, na, na, na, na, na, na, na, na, na, na
na, MPa, na, MPa, m/m, na, MPa, na, na, mm, mm, mm, MPa, na, MPa, MPa, na, na, na, na, na, na, na, na, na, na, na
na, MPa, na, MPa, m/m, na, MPa, na, na, mm, mm, mm, MPa, na, MPa, MPa, na, na, na, na, na, na, na, na, na, na, na
na, MPa, na, MPa, m/m, na, MPa, na, na, mm, mm, mm, MPa, na, MPa, MPa, na, na, na, na, na, na, na, na, na, na, na
na, MPa, na, MPa, m/m, na, MPa, na, na, mm, mm, mm, MPa, na, MPa, MPa, na, na, na, na, na, na, na, na, na, na, na
na, MPa, na, MPa, m/m, na, MPa, na, na, mm, mm, mm, MPa, na, MPa, MPa, na, na, na, na, na, na, na, na, na, na, na
na, MPa, na, MPa, m/m, na, MPa, na, na, mm, mm, mm, MPa, na, MPa, MPa, na, na, na, na, na, na, na, na, na, na, na
na, MPa, na, MPa, m/m, na, MPa, na, na, mm, mm, mm, MPa, na, MPa, MPa, na, na, na, na, na, na, na, na, na, na, na
na, MPa, na, MPa, m/m, na, MPa, na, na, mm, mm, mm, MPa, na, MPa, MPa, na, na, na, na, na, na, na, na, na, na, na
na, MPa, na, MPa, m/m, na, MPa, na, na, mm, mm, mm, MPa, na, MPa, MPa, na, na, na, na, na, na, na, na, na, na, na
na, MPa, na, MPa, m/m, na, MPa, na, na, mm, mm, mm, MPa, na, MPa, MPa, na, na, na, na, na, na, na, na, na, na, na
na, MPa, na, MPa, m/m, na, MPa, na, na, mm, mm, mm, MPa, na, MPa, MPa, na, na, na, na, na, na, na, na, na, na, na
na, MPa, na, MPa, m/m, na, MPa, na, na, mm, mm, mm, MPa, na, MPa, MPa, na, na, na, na, na, na, na, na, na, na, na
na, MPa, na, MPa, m/m, na, MPa, na, na, mm, mm, mm, MPa, na, MPa, MPa, na, na, na, na, na, na, na, na, na, na, na
na, MPa, na, MPa, m/m, na, MPa, na, na, mm, mm, mm, MPa, na, MPa, MPa, na, na, na, na, na, na, na, na, na, na, na
na, MPa, na, MPa, m/m, na, MPa, na, na, mm, mm, mm, MPa, na, MPa, MPa, na, na, na, na, na, na, na, na, na, na, na
na, MPa, na, MPa, m/m, na, MPa, na, na, mm, mm, mm, MPa, na, MPa, MPa, na, na, na, na, na, na, na, na, na, na, na
na, MPa, na, MPa, m/m, na, MPa, na, na, mm, mm, mm, MPa, na, MPa, MPa, na, na, na, na, na, na, na, na, na, na, na
na, MPa, na, MPa, m/m, na, MPa, na, na, mm, mm, mm, MPa, na, MPa, MPa, na, na, na, na, na, na, na, na, na, na, na
na, MPa, na, MPa, m/m, na, MPa, na, na, mm, mm, mm, MPa, na, MPa, MPa, na, na, na, na, na, na, na, na, na, na, na
na, MPa, na, MPa, m/m, na, MPa, na, na, mm, mm, mm, MPa, na, MPa, MPa, na, na, na, na, na, na, na, na, na, na, na
na, MPa, na, MPa, m/m, na, MPa, na, na, mm, mm, mm, MPa, na, MPa, MPa, na, na, na, na, na, na, na, na, na, na, na
na, MPa, na, MPa, m/m, na, MPa, na, na, mm, mm, mm, MPa, na, MPa, MPa, na, na, na, na, na, na, na, na, na, na, na
na, MPa, na, MPa, m/m, na, MPa, na, na, mm, mm, mm, MPa, na, MPa, MPa, na, na, na, na, na, na, na, na, na, na, na
na, MPa, na, MPa, m/m, na, MPa, na, na, mm, mm, mm, MPa, na, MPa, MPa, na, na, na, na, na, na, na, na, na, na, na
na, MPa, na, MPa, m/m, na, MPa, na, na, mm, mm, mm, MPa, na, MPa, MPa, na, na, na, na, na, na, na, na, na, na, na
na, MPa, na, MPa, m/m, na, MPa, na, na, mm, mm, mm, MPa, na, MPa, MPa, na, na, na, na, na, na, na, na, na, na, na
na, MPa, na, MPa, m/m, na, MPa, na, na, mm, mm, mm, MPa, na, MPa, MPa, na, na, na, na, na, na, na, na, na, na, na
na, MPa, na, MPa, m/m, na, MPa, na, na, mm, mm, mm, MPa, na, MPa, MPa, na, na, na, na, na, na, na, na, na, na, na
na, MPa, na, MPa, m/m, na, MPa, na, na, mm, mm, mm, MPa, na, MPa, MPa, na, na, na, na, na, na, na, na, na, na, na
na, MPa, na, MPa, m/m, na, MPa, na, na, mm, mm, mm, MPa, na, MPa, MPa, na, na, na, na, na, na, na, na, na, na, na
na, MPa, na, MPa, m/m, na, MPa, na, na, mm, mm, mm, MPa, na, MPa, MPa, na, na, na, na, na, na, na, na, na, na, na
na, MPa, na, MPa, m/m, na, MPa, na, na, mm, mm, mm, MPa, na, MPa, MPa, na, na, na, na, na, na, na, na, na, na, na
na, MPa, na, MPa, m/m, na, MPa, na, na, mm, mm, mm, MPa, na, MPa, MPa, na, na, na, na, na, na, na, na, na, na, na
na, MPa, na, MPa, m/m, na, MPa, na, na, mm, mm, mm, MPa, na, MPa, MPa, na, na, na, na, na, na, na, na, na, na, na
na, MPa, na, MPa, m/m, na, MPa, na, na, mm, mm, mm, MPa, na, MPa, MPa, na, na, na, na, na, na, na, na, na, na, na
na, MPa, na, MPa, m/m, na, MPa, na, na, mm, mm, mm, MPa, na, MPa, MPa, na, na, na, na, na, na, na, na, na, na, na
na, MPa, na, MPa, m/m, na, MPa, na, na, mm, mm, mm, MPa, na, MPa, MPa, na, na, na, na, na, na, na, na, na, na, na
na, MPa, na, MPa, m/m, na, MPa, na, na, mm, mm, mm, MPa, na, MPa, MPa, na, na, na, na, na, na, na, na, na, na, na
na, MPa, na, MPa, m/m, na, MPa, na, na, mm, mm, mm, MPa, na, MPa, MPa, na, na, na, na, na, na, na, na, na, na, na
na, MPa, na, MPa, m/m, na, MPa, na, na, mm, mm, mm, MPa, na, MPa, MPa, na, na, na, na, na, na, na, na, na, na, na
na, MPa, na, MPa, m/m, na, MPa, na, na, mm, mm, mm, MPa, na, MPa, MPa, na, na, na, na, na, na, na, na, na, na, na
na, MPa, na, MPa, m/m, na, MPa, na, na, mm, mm, mm, MPa, na, MPa, MPa, na, na, na, na, na, na, na, na, na, na, na
na, MPa, na, MPa, m/m, na, MPa, na, na, mm, mm, mm, MPa, na, MPa, MPa, na, na, na, na, na, na, na, na, na, na, na
na, MPa, na, MPa, m/m, na, MPa, na, na, mm, mm, mm, MPa, na, MPa, MPa, na, na, na, na, na, na, na, na, na, na, na
na, MPa, na, MPa, m/m, na, MPa, na, na, mm, mm, mm, MPa, na, MPa, MPa, na, na, na, na, na, na, na, na, na, na, na
na, MPa, na, MPa, m/m, na, MPa, na, na, mm, mm, mm, MPa, na, MPa, MPa, na, na, na, na, na, na, na, na, na, na, na
na, MPa, na, MPa, m/m, na, MPa, na, na, mm, mm, mm, MPa, na, MPa, MPa, na, na, na, na, na, na, na, na, na, na, na
na, MPa, na, MPa, m/m, na, MPa, na, na, mm, mm, mm, MPa, na, MPa, MPa, na, na, na, na, na, na, na, na, na, na, na
na, MPa, na, MPa, m/m, na, MPa, na, na, mm, mm, mm, MPa, na, MPa, MPa, na, na, na, na, na, na, na, na, na, na, na
na, MPa, na, MPa, m/m, na, MPa, na, na, mm, mm, mm, MPa, na, MPa, MPa, na, na, na, na, na, na, na, na, na, na, na
na, MPa, na, MPa, m/m, na, MPa, na, na, mm, mm, mm, MPa, na, MPa, MPa, na, na, na, na, na, na, na, na, na, na, na
na, MPa, na, MPa, m/m, na, MPa, na, na, mm, mm, mm, MPa, na, MPa, MPa, na, na, na, na, na, na, na, na, na, na, na
na, MPa, na, MPa, m/m, na, MPa, na, na, mm, mm, mm, MPa, na, MPa, MPa, na, na, na, na, na, na, na, na, na, na, na
na, MPa, na, MPa, m/m, na, MPa, na, na, mm, mm, mm, MPa, na, MPa, MPa, na, na, na, na, na, na, na, na, na, na, na
na, MPa, na, MPa, m/m, na, MPa, na, na, mm, mm, mm, MPa, na, MPa, MPa, na, na, na, na, na, na, na, na, na, na, na
na, MPa, na, MPa, m/m, na, MPa, na, na, mm, mm, mm, MPa, na, MPa, MPa, na, na, na, na, na, na, na, na, na, na, na
na, MPa, na, MPa, m/m, na, MPa, na, na, mm, mm, mm, MPa, na, MPa, MPa, na, na, na, na, na, na, na, na, na, na, na
na, MPa, na, MPa, m/m, na, MPa, na, na, mm, mm, mm, MPa, na, MPa, MPa, na, na, na, na, na, na, na, na, na, na, na
na, MPa, na, MPa, m/m, na, MPa, na, na, mm, mm, mm, MPa, na, MPa, MPa, na, na, na, na, na, na, na, na, na, na, na
na, MPa, na, MPa, m/m, na, MPa, na, na, mm, mm, mm, MPa, na, MPa, MPa, na, na, na, na, na, na, na, na, na, na, na
na, MPa, na, MPa, m/m, na, MPa, na, na, mm, mm, mm, MPa, na, MPa, MPa, na, na, na, na, na, na, na, na, na, na, na
na, MPa, na, MPa, m/m, na, MPa, na, na, mm, mm, mm, MPa, na, MPa, MPa, na, na, na, na, na, na, na, na, na, na, na
na, MPa, na, MPa, m/m, na, MPa, na, na, mm, mm, mm, MPa, na, MPa, MPa, na, na, na, na, na, na, na, na, na, na, na
na, MPa, na, MPa, m/m, na, MPa, na, na, mm, mm, mm, MPa, na, MPa, MPa, na, na, na, na, na, na, na, na, na, na, na
na, MPa, na, MPa, m/m, na, MPa, na, na, mm, mm, mm, MPa, na, MPa, MPa, na, na, na, na, na, na, na, na, na, na, na
na, MPa, na, MPa, m/m, na, MPa, na, na, mm, mm, mm, MPa, na, MPa, MPa, na, na, na, na, na, na, na, na, na, na, na
na, MPa, na, MPa, m/m, na, MPa, na, na, mm, mm, mm, MPa, na, MPa, MPa, na, na, na, na, na, na, na, na, na, na, na
na, MPa, na, MPa, m/m, na, MPa, na, na, mm, mm, mm, MPa, na, MPa, MPa, na, na, na, na, na, na, na, na, na, na, na
na, MPa, na, MPa, m/m, na, MPa, na, na, mm, mm, mm, MPa, na, MPa, MPa, na, na, na, na, na, na, na, na, na, na, na
na, MPa, na, MPa, m/m, na, MPa, na, na, mm, mm, mm, MPa, na, MPa, MPa, na, na, na, na, na, na, na, na, na, na, na
na, MPa, na, MPa, m/m, na, MPa, na, na, mm, mm, mm, MPa, na, MPa, MPa, na, na, na, na, na, na, na, na, na, na, na
na, MPa, na, MPa, m/m, na, MPa, na, na, mm, mm, mm, MPa, na, MPa, MPa, na, na, na, na, na, na, na, na, na, na, na
na, MPa, na, MPa, m/m, na, MPa, na, na, mm, mm, mm, MPa, na, MPa, MPa, na, na, na, na, na, na, na, na, na, na, na
na, MPa, na, MPa, m/m, na, MPa, na, na, mm, mm, mm, MPa, na, MPa, MPa, na, na, na, na, na, na, na, na, na, na, na
na, MPa, na, MPa, m/m, na, MPa, na, na, mm, mm, mm, MPa, na, MPa, MPa, na, na, na, na, na, na, na, na, na, na, na
na, MPa, na, MPa, m/m, na, MPa, na, na, mm, mm, mm, MPa, na, MPa, MPa, na, na, na, na, na, na, na, na, na, na, na
na, MPa, na, MPa, m/m, na, MPa, na, na, mm, mm, mm, MPa, na, MPa, MPa, na, na, na, na, na, na, na, na, na, na, na
na, MPa, na, MPa, m/m, na, MPa, na, na, mm, mm, mm, MPa, na, MPa, MPa, na, na, na, na, na, na, na, na, na, na, na
na, MPa, na, MPa, m/m, na, MPa, na, na, mm, mm, mm, MPa, na, MPa, MPa, na, na, na, na, na, na, na, na, na, na, na
na, MPa, na, MPa, m/m, na, MPa, na, na, mm, mm, mm, MPa, na, MPa, MPa, na, na, na, na, na, na, na, na, na, na, na
na, MPa, na, MPa, m/m, na, MPa, na, na, mm, mm, mm, MPa, na, MPa, MPa, na, na, na, na, na, na, na, na, na, na, na
na, MPa, na, MPa, m/m, na, MPa, na, na, mm, mm, mm, MPa, na, MPa, MPa, na, na, na, na, na, na, na, na, na, na, na
na, MPa, na, MPa, m/m, na, MPa, na, na, mm, mm, mm, MPa, na, MPa, MPa, na, na, na, na, na, na, na, na, na, na, na
na, MPa, na, MPa, m/m, na, MPa, na, na, mm, mm, mm, MPa, na, MPa, MPa, na, na, na, na, na, na, na, na, na, na, na
na, MPa, na, MPa, m/m, na, MPa, na, na, mm, mm, mm, MPa, na, MPa, MPa, na, na, na, na, na, na, na, na, na, na, na
na, MPa, na, MPa, m/m, na, MPa, na, na, mm, mm, mm, MPa, na, MPa, MPa, na, na, na, na, na, na, na, na, na, na, na
na, MPa, na, MPa, m/m, na, MPa, na, na, mm, mm, mm, MPa, na, MPa, MPa, na, na, na, na, na, na, na, na, na, na, na
na, MPa, na, MPa, m/m, na, MPa, na, na, mm, mm, mm, MPa, na, MPa, MPa, na, na, na, na, na, na, na, na, na, na, na
na, MPa, na, MPa, m/m, na, MPa, na, na, mm, mm, mm, MPa, na, MPa, MPa, na, na, na, na, na, na, na, na, na, na, na
na, MPa, na, MPa, m/m, na, MPa, na, na, mm, mm, mm, MPa, na, MPa, MPa, na, na, na, na, na, na, na, na, na, na, na
na, MPa, na, MPa, m/m, na, MPa, na, na, mm, mm, mm, MPa, na, MPa, MPa, na, na, na, na, na, na, na, na, na, na, na
na, MPa, na, MPa, m/m, na, MPa, na, na, mm, mm, mm, MPa, na, MPa, MPa, na, na, na, na, na, na, na, na, na, na, na
na, MPa, na, MPa, m/m, na, MPa, na, na, mm, mm, mm, MPa, na, MPa, MPa, na, na, na, na, na, na, na, na, na, na, na
na, MPa, na, MPa, m/m, na, MPa, na, na, mm, mm, mm, MPa, na, MPa, MPa, na, na, na, na, na, na, na, na, na, na, na
na, MPa, na, MPa, m/m, na, MPa, na, na, mm, mm, mm, MPa, na, MPa, MPa, na, na, na, na, na, na, na, na, na, na, na
na, MPa, na, MPa, m/m, na, MPa, na, na, mm, mm, mm, MPa, na, MPa, MPa, na, na, na, na, na, na, na, na, na, na, na
na, MPa, na, MPa, m/m, na, MPa, na, na, mm, mm, mm, MPa, na, MPa, MPa, na, na, na, na, na, na, na, na, na, na, na
na, MPa, na, MPa, m/m, na, MPa, na, na, mm, mm, mm, MPa, na, MPa, MPa, na, na, na, na, na, na, na, na, na, na, na
na, MPa, na, MPa, m/m, na, MPa, na, na, mm, mm, mm, MPa, na, MPa, MPa, na, na, na, na, na, na, na, na, na, na, na
na, MPa, na, MPa, m/m, na, MPa, na, na, mm, mm, mm, MPa, na, MPa, MPa, na, na, na, na, na, na, na, na, na, na, na
na, MPa, na, MPa, m/m, na, MPa, na, na, mm, mm, mm, MPa, na, MPa, MPa, na, na, na, na, na, na, na, na, na, na, na
na, MPa, na, MPa, m/m, na, MPa, na, na, mm, mm, mm, MPa, na, MPa, MPa, na, na, na, na, na, na, na, na, na, na, na
na, MPa, na, MPa, m/m, na, MPa, na, na, mm, mm, mm, MPa, na, MPa, MPa, na, na, na, na, na, na, na, na, na, na, na
na, MPa, na, MPa, m/m, na, MPa, na, na, mm, mm, mm, MPa, na, MPa, MPa, na, na, na, na, na, na, na, na, na, na, na
na, MPa, na, MPa, m/m, na, MPa, na, na, mm, mm, mm, MPa, na, MPa, MPa, na, na, na, na, na, na, na, na, na, na, na
na, MPa, na, MPa, m/m, na, MPa, na, na, mm, mm, mm, MPa, na, MPa, MPa, na, na, na, na, na, na, na, na, na, na, na
na, MPa, na, MPa, m/m, na, MPa, na, na, mm, mm, mm, MPa, na, MPa, MPa, na, na, na, na, na, na, na, na, na, na, na
na, MPa, na, MPa, m/m, na, MPa, na, na, mm, mm, mm, MPa, na, MPa, MPa, na, na, na, na, na, na, na, na, na, na, na
na, MPa, na, MPa, m/m, na, MPa, na, na, mm, mm, mm, MPa, na, MPa, MPa, na, na, na, na, na, na, na, na, na, na, na
na, MPa, na, MPa, m/m, na, MPa, na, na, mm, mm, mm, MPa, na, MPa, MPa, na, na, na, na, na, na, na, na, na, na, na
na, MPa, na, MPa, m/m, na, MPa, na, na, mm, mm, mm, MPa, na, MPa, MPa, na, na, na, na, na, na, na, na, na, na, na
na, MPa, na, MPa, m/m, na, MPa, na, na, mm, mm, mm, MPa, na, MPa, MPa, na, na, na, na, na, na, na, na, na, na, na
na, MPa, na, MPa, m/m, na, MPa, na, na, mm, mm, mm, MPa, na, MPa, MPa, na, na, na, na, na, na, na, na, na, na, na
na, MPa, na, MPa, m/m, na, MPa, na, na, mm, mm, mm, MPa, na, MPa, MPa, na, na, na, na, na, na, na, na, na, na, na
na, MPa, na, MPa, m/m, na, MPa, na, na, mm, mm, mm, MPa, na, MPa, MPa, na, na, na, na, na, na, na, na, na, na, na
na, MPa, na, MPa, m/m, na, MPa, na, na, mm, mm, mm, MPa, na, MPa, MPa, na, na, na, na, na, na, na, na, na, na, na
na, MPa, na, MPa, m/m, na, MPa, na, na, mm, mm, mm, MPa, na, MPa, MPa, na, na, na, na, na, na, na, na, na, na, na
na, MPa, na, MPa, m/m, na, MPa, na, na, mm, mm, mm, MPa, na, MPa, MPa, na, na, na, na, na, na, na, na, na, na, na
na, MPa, na, MPa, m/m, na, MPa, na, na, mm, mm, mm, MPa, na, MPa, MPa, na, na, na, na, na, na, na, na, na, na, na
na, MPa, na, MPa, m/m, na, MPa, na, na, mm, mm, mm, MPa, na, MPa, MPa, na, na, na, na, na, na, na, na, na, na, na
na, MPa, na, MPa, m/m, na, MPa, na, na, mm, mm, mm, MPa, na, MPa, MPa, na, na, na, na, na, na, na, na, na, na, na
na, MPa, na, MPa, m/m, na, MPa, na, na, mm, mm, mm, MPa, na, MPa, MPa, na, na, na, na, na, na, na, na, na, na, na
na, MPa, na, MPa, m/m, na, MPa, na, na, mm, mm, mm, MPa, na, MPa, MPa, na, na, na, na, na, na, na, na, na, na, na
na, MPa, na, MPa, m/m, na, MPa, na, na, mm, mm, mm, MPa, na, MPa, MPa, na, na, na, na, na, na, na, na, na, na, na
na, MPa, na, MPa, m/m, na, MPa, na, na, mm, mm, mm, MPa, na, MPa, MPa, na, na, na, na, na, na, na, na, na, na, na
na, MPa, na, MPa, m/m, na, MPa, na, na, mm, mm, mm, MPa, na, MPa, MPa, na, na, na, na, na, na, na, na, na, na, na
na, MPa, na, MPa, m/m, na, MPa, na, na, mm, mm, mm, MPa, na, MPa, MPa, na, na, na, na, na, na, na, na, na, na, na
na, MPa, na, MPa, m/m, na, MPa, na, na, mm, mm, mm, MPa, na, MPa, MPa, na, na, na, na, na, na, na, na, na, na, na
na, MPa, na, MPa, m/m, na, MPa, na, na, mm, mm, mm, MPa, na, MPa, MPa, na, na, na, na, na, na, na, na, na, na, na
na, MPa, na, MPa, m/m, na, MPa, na, na, mm, mm, mm, MPa, na, MPa, MPa, na, na, na, na, na, na, na, na, na, na, na
na, MPa, na, MPa, m/m, na, MPa, na, na, mm, mm, mm, MPa, na, MPa, MPa, na, na, na, na, na, na, na, na, na, na, na
na, MPa, na, MPa, m/m, na, MPa, na, na, mm, mm, mm, MPa, na, MPa, MPa, na, na, na, na, na, na, na, na, na, na, na
na, MPa, na, MPa, m/m, na, MPa, na, na, mm, mm, mm, MPa, na, MPa, MPa, na, na, na, na, na, na, na, na, na, na, na
na, MPa, na, MPa, m/m, na, MPa, na, na, mm, mm, mm, MPa, na, MPa, MPa, na, na, na, na, na, na, na, na, na, na, na
na, MPa, na, MPa, m/m, na, MPa, na, na, mm, mm, mm, MPa, na, MPa, MPa, na, na, na, na, na, na, na, na, na, na, na
na, MPa, na, MPa, m/m, na, MPa, na, na, mm, mm, mm, MPa, na, MPa, MPa, na, na, na, na, na, na, na, na, na, na, na
na, MPa, na, MPa, m/m, na, MPa, na, na, mm, mm, mm, MPa, na, MPa, MPa, na, na, na, na, na, na, na, na, na, na, na
na, MPa, na, MPa, m/m, na, MPa, na, na, mm, mm, mm, MPa, na, MPa, MPa, na, na, na, na, na, na, na, na, na, na, na
na, MPa, na, MPa, m/m, na, MPa, na, na, mm, mm, mm, MPa, na, MPa, MPa, na, na, na, na, na, na, na, na, na, na, na
na, MPa, na, MPa, m/m, na, MPa, na, na, mm, mm, mm, MPa, na, MPa, MPa, na, na, na, na, na, na, na, na, na, na, na
na, MPa, na, MPa, m/m, na, MPa, na, na, mm, mm, mm, MPa, na, MPa, MPa, na, na, na, na, na, na, na, na, na, na, na
na, MPa, na, MPa, m/m, na, MPa, na, na, mm, mm, mm, MPa, na, MPa, MPa, na, na, na, na, na, na, na, na, na, na, na
na, MPa, na, MPa, m/m, na, MPa, na, na, mm, mm, mm, MPa, na, MPa, MPa, na, na, na, na, na, na, na, na, na, na, na
na, MPa, na, MPa, m/m, na, MPa, na, na, mm, mm, mm, MPa, na, MPa, MPa, na, na, na, na, na, na, na, na, na, na, na
na, MPa, na, MPa, m/m, na, MPa, na, na, mm, mm, mm, MPa, na, MPa, MPa, na, na, na, na, na, na, na, na, na, na, na
na, MPa, na, MPa, m/m, na, MPa, na, na, mm, mm, mm, MPa, na, MPa, MPa, na, na, na, na, na, na, na, na, na, na, na
na, MPa, na, MPa, m/m, na, MPa, na, na, mm, mm, mm, MPa, na, MPa, MPa, na, na, na, na, na, na, na, na, na, na, na
na, MPa, na, MPa, m/m, na, MPa, na, na, mm, mm, mm, MPa, na, MPa, MPa, na, na, na, na, na, na, na, na, na, na, na
na, MPa, na, MPa, m/m, na, MPa, na, na, mm, mm, mm, MPa, na, MPa, MPa, na, na, na, na, na, na, na, na, na, na, na
na, MPa, na, MPa, m/m, na, MPa, na, na, mm, mm, mm, MPa, na, MPa, MPa, na, na, na, na, na, na, na, na, na, na, na
na, MPa, na, MPa, m/m, na, MPa, na, na, mm, mm, mm, MPa, na, MPa, MPa, na, na, na, na, na, na, na, na, na, na, na
na, MPa, na, MPa, m/m, na, MPa, na, na, mm, mm, mm, MPa, na, MPa, MPa, na, na, na, na, na, na, na, na, na, na, na
na, MPa, na, MPa, m/m, na, MPa, na, na, mm, mm, mm, MPa, na, MPa, MPa, na, na, na, na, na, na, na, na, na, na, na
na, MPa, na, MPa, m/m, na, MPa, na, na, mm, mm, mm, MPa, na, MPa, MPa, na, na, na, na, na, na, na, na, na, na, na
na, MPa, na, MPa, m/m, na, MPa, na, na, mm, mm, mm, MPa, na, MPa, MPa, na, na, na, na, na, na, na, na, na, na, na
na, MPa, na, MPa, m/m, na, MPa, na, na, mm, mm, mm, MPa, na, MPa, MPa, na, na, na, na, na, na, na, na, na, na, na
na, MPa, na, MPa, m/m, na, MPa, na, na, mm, mm, mm, MPa, na, MPa, MPa, na, na, na, na, na, na, na, na, na, na, na
na, MPa, na, MPa, m/m, na, MPa, na, na, mm, mm, mm, MPa, na, MPa, MPa, na, na, na, na, na, na, na, na, na, na, na
na, MPa, na, MPa, m/m, na, MPa, na, na, mm, mm, mm, MPa, na, MPa, MPa, na, na, na, na, na, na, na, na, na, na, na
na, MPa, na, MPa, m/m, na, MPa, na, na, mm, mm, mm, MPa, na, MPa, MPa, na, na, na, na, na, na, na, na, na, na, na
na, MPa, na, MPa, m/m, na, MPa, na, na, mm, mm, mm, MPa, na, MPa, MPa, na, na, na, na, na, na, na, na, na, na, na
na, MPa, na, MPa, m/m, na, MPa, na, na, mm, mm, mm, MPa, na, MPa, MPa, na, na, na, na, na, na, na, na, na, na, na
na, MPa, na, MPa, m/m, na, MPa, na, na, mm, mm, mm, MPa, na, MPa, MPa, na, na, na, na, na, na, na, na, na, na, na
na, MPa, na, MPa, m/m, na, MPa, na, na, mm, mm, mm, MPa, na, MPa, MPa, na, na, na, na, na, na, na, na, na, na, na
na, MPa, na, MPa, m/m, na, MPa, na, na, mm, mm, mm, MPa, na, MPa, MPa, na, na, na, na, na, na, na, na, na, na, na
na, MPa, na, MPa, m/m, na, MPa, na, na, mm, mm, mm, MPa, na, MPa, MPa, na, na, na, na, na, na, na, na, na, na, na
na, MPa, na, MPa, m/m, na, MPa, na, na, mm, mm, mm, MPa, na, MPa, MPa, na, na, na, na, na, na, na, na, na, na, na
na, MPa, na, MPa, m/m, na, MPa, na, na, mm, mm, mm, MPa, na, MPa, MPa, na, na, na, na, na, na, na, na, na, na, na
na, MPa, na, MPa, m/m, na, MPa, na, na, mm, mm, mm, MPa, na, MPa, MPa, na, na, na, na, na, na, na, na, na, na, na
na, MPa, na, MPa, m/m, na, MPa, na, na, mm, mm, mm, MPa, na, MPa, MPa, na, na, na, na, na, na, na, na, na, na, na
na, MPa, na, MPa, m/m, na, MPa, na, na, mm, mm, mm, MPa, na, MPa, MPa, na, na, na, na, na, na, na, na, na, na, na
na, MPa, na, MPa, m/m, na, MPa, na, na, mm, mm, mm, MPa, na, MPa, MPa, na, na, na, na, na, na, na, na, na, na, na
na, MPa, na, MPa, m/m, na, MPa, na, na, mm, mm, mm, MPa, na, MPa, MPa, na, na, na, na, na, na, na, na, na, na, na
na, MPa, na, MPa, m/m, na, MPa, na, na, mm, mm, mm, MPa, na, MPa, MPa, na, na, na, na, na, na, na, na, na, na, na
na, MPa, na, MPa, m/m, na, MPa, na, na, mm, mm, mm, MPa, na, MPa, MPa, na, na, na, na, na, na, na, na, na, na, na
na, MPa, na, MPa, m/m, na, MPa, na, na, mm, mm, mm, MPa, na, MPa, MPa, na, na, na, na, na, na, na, na, na, na, na
na, MPa, na, MPa, m/m, na, MPa, na, na, mm, mm, mm, MPa, na, MPa, MPa, na, na, na, na, na, na, na, na, na, na, na
na, MPa, na, MPa, m/m, na, MPa, na, na, mm, mm, mm, MPa, na, MPa, MPa, na, na, na, na, na, na, na, na, na, na, na
na, MPa, na, MPa, m/m, na, MPa, na, na, mm, mm, mm, MPa, na, MPa, MPa, na, na, na, na, na, na, na, na, na, na, na
na, MPa, na, MPa, m/m, na, MPa, na, na, mm, mm, mm, MPa, na, MPa, MPa, na, na, na, na, na, na, na, na, na, na, na
na, MPa, na, MPa, m/m, na, MPa, na, na, mm, mm, mm, MPa, na, MPa, MPa, na, na, na, na, na, na, na, na, na, na, na
na, MPa, na, MPa, m/m, na, MPa, na, na, mm, mm, mm, MPa, na, MPa, MPa, na, na, na, na, na, na, na, na, na, na, na
na, MPa, na, MPa, m/m, na, MPa, na, na, mm, mm, mm, MPa, na, MPa, MPa, na, na, na, na, na, na, na, na, na, na, na
na, MPa, na, MPa, m/m, na, MPa, na, na, mm, mm, mm, MPa, na, MPa, MPa, na, na, na, na, na, na, na, na, na, na, na
na, MPa, na, MPa, m/m, na, MPa, na, na, mm, mm, mm, MPa, na, MPa, MPa, na, na, na, na, na, na, na, na, na, na, na
na, MPa, na, MPa, m/m, na, MPa, na, na, mm, mm, mm, MPa, na, MPa, MPa, na, na, na, na, na, na, na, na, na, na, na
na, MPa, na, MPa, m/m, na, MPa, na, na, mm, mm, mm, MPa, na, MPa, MPa, na, na, na, na, na, na, na, na, na, na, na
na, MPa, na, MPa, m/m, na, MPa, na, na, mm, mm, mm, MPa, na, MPa, MPa, na, na, na, na, na, na, na, na, na, na, na
na, MPa, na, MPa, m/m, na, MPa, na, na, mm, mm, mm, MPa, na, MPa, MPa, na, na, na, na, na, na, na, na, na, na, na
na, MPa, na, MPa, m/m, na, MPa, na, na, mm, mm, mm, MPa, na, MPa, MPa, na, na, na, na, na, na, na, na, na, na, na
na, MPa, na, MPa, m/m, na, MPa, na, na, mm, mm, mm, MPa, na, MPa, MPa, na, na, na, na, na, na, na, na, na, na, na
na, MPa, na, MPa, m/m, na, MPa, na, na, mm, mm, mm, MPa, na, MPa, MPa, na, na, na, na, na, na, na, na, na, na, na
na, MPa, na, MPa, m/m, na, MPa, na, na, mm, mm, mm, MPa, na, MPa, MPa, na, na, na, na, na, na, na, na, na, na, na
na, MPa, na, MPa, m/m, na, MPa, na, na, mm, mm, mm, MPa, na, MPa, MPa, na, na, na, na, na, na, na, na, na, na, na
na, MPa, na, MPa, m/m, na, MPa, na, na, mm, mm, mm, MPa, na, MPa, MPa, na, na, na, na, na, na, na, na, na, na, na
na, MPa, na, MPa, m/m, na, MPa, na, na, mm, mm, mm, MPa, na, MPa, MPa, na, na, na, na, na, na, na, na, na, na, na
na, MPa, na, MPa, m/m, na, MPa, na, na, mm, mm, mm, MPa, na, MPa, MPa, na, na, na, na, na, na, na, na, na, na, na
na, MPa, na, MPa, m/m, na, MPa, na, na, mm, mm, mm, MPa, na, MPa, MPa, na, na, na, na, na, na, na, na, na, na, na
na, MPa, na, MPa, m/m, na, MPa, na, na, mm, mm, mm, MPa, na, MPa, MPa, na, na, na, na, na, na, na, na, na, na, na
na, MPa, na, MPa, m/m, na, MPa, na, na, mm, mm, mm, MPa, na, MPa, MPa, na, na, na, na, na, na, na, na, na, na, na
na, MPa, na, MPa, m/m, na, MPa, na, na, mm, mm, mm, MPa, na, MPa, MPa, na, na, na, na, na, na, na, na, na, na, na
na, MPa, na, MPa, m/m, na, MPa, na, na, mm, mm, mm, MPa, na, MPa, MPa, na, na, na, na, na, na, na, na, na, na, na
na, MPa, na, MPa, m/m, na, MPa, na, na, mm, mm, mm, MPa, na, MPa, MPa, na, na, na, na, na, na, na, na, na, na, na
na, MPa, na, MPa, m/m, na, MPa, na, na, mm, mm, mm, MPa, na, MPa, MPa, na, na, na, na, na, na, na, na, na, na, na
na, MPa, na, MPa, m/m, na, MPa, na, na, mm, mm, mm, MPa, na, MPa, MPa, na, na, na, na, na, na, na, na, na, na, na
na, MPa, na, MPa, m/m, na, MPa, na, na, mm, mm, mm, MPa, na, MPa, MPa, na, na, na, na, na, na, na, na, na, na, na
na, MPa, na, MPa, m/m, na, MPa, na, na, mm, mm, mm, MPa, na, MPa, MPa, na, na, na, na, na, na, na, na, na, na, na
na, MPa, na, MPa, m/m, na, MPa, na, na, mm, mm, mm, MPa, na, MPa, MPa, na, na, na, na, na, na, na, na, na, na, na
na, MPa, na, MPa, m/m, na, MPa, na, na, mm, mm, mm, MPa, na, MPa, MPa, na, na, na, na, na, na, na, na, na, na, na
na, MPa, na, MPa, m/m, na, MPa, na, na, mm, mm, mm, MPa, na, MPa, MPa, na, na, na, na, na, na, na, na, na, na, na
na, MPa, na, MPa, m/m, na, MPa, na, na, mm, mm, mm, MPa, na, MPa, MPa, na, na, na, na, na, na, na, na, na, na, na
na, MPa, na, MPa, m/m, na, MPa, na, na, mm, mm, mm, MPa, na, MPa, MPa, na, na, na, na, na, na, na, na, na, na, na
na, MPa, na, MPa, m/m, na, MPa, na, na, mm, mm, mm, MPa, na, MPa, MPa, na, na, na, na, na, na, na, na, na, na, na
na, MPa, na, MPa, m/m, na, MPa, na, na, mm, mm, mm, MPa, na, MPa, MPa, na, na, na, na, na, na, na, na, na, na, na
na, MPa, na, MPa, m/m, na, MPa, na, na, mm, mm, mm, MPa, na, MPa, MPa, na, na, na, na, na, na, na, na, na, na, na
na, MPa, na, MPa, m/m, na, MPa, na, na, mm, mm, mm, MPa, na, MPa, MPa, na, na, na, na, na, na, na, na, na, na, na
na, MPa, na, MPa, m/m, na, MPa, na, na, mm, mm, mm, MPa, na, MPa, MPa, na, na, na, na, na, na, na, na, na, na, na
na, MPa, na, MPa, m/m, na, MPa, na, na, mm, mm, mm, MPa, na, MPa, MPa, na, na, na, na, na, na, na, na, na, na, na
na, MPa, na, MPa, m/m, na, MPa, na, na, mm, mm, mm, MPa, na, MPa, MPa, na, na, na, na, na, na, na, na, na, na, na
na, MPa, na, MPa, m/m, na, MPa, na, na, mm, mm, mm, MPa, na, MPa, MPa, na, na, na, na, na, na, na, na, na, na, na
na, MPa, na, MPa, m/m, na, MPa, na, na, mm, mm, mm, MPa, na, MPa, MPa, na, na, na, na, na, na, na, na, na, na, na
na, MPa, na, MPa, m/m, na, MPa, na, na, mm, mm, mm, MPa, na, MPa, MPa, na, na, na, na, na, na, na, na, na, na, na
na, MPa, na, MPa, m/m, na, MPa, na, na, mm, mm, mm, MPa, na, MPa, MPa, na, na, na, na, na, na, na, na, na, na, na
na, MPa, na, MPa, m/m, na, MPa, na, na, mm, mm, mm, MPa, na, MPa, MPa, na, na, na, na, na, na, na, na, na, na, na
na, MPa, na, MPa, m/m, na, MPa, na, na, mm, mm, mm, MPa, na, MPa, MPa, na, na, na, na, na, na, na, na, na, na, na
na, MPa, na, MPa, m/m, na, MPa, na, na, mm, mm, mm, MPa, na, MPa, MPa, na, na, na, na, na, na, na, na, na, na, na
na, MPa, na, MPa, m/m, na, MPa, na, na, mm, mm, mm, MPa, na, MPa, MPa, na, na, na, na, na, na, na, na, na, na, na
na, MPa, na, MPa, m/m, na, MPa, na, na, mm, mm, mm, MPa, na, MPa, MPa, na, na, na, na, na, na, na, na, na, na, na
na, MPa, na, MPa, m/m, na, MPa, na, na, mm, mm, mm, MPa, na, MPa, MPa, na, na, na, na, na, na, na, na, na, na, na
na, MPa, na, MPa, m/m, na, MPa, na, na, mm, mm, mm, MPa, na, MPa, MPa, na, na, na, na, na, na, na, na, na, na, na
na, MPa, na, MPa, m/m, na, MPa, na, na, mm, mm, mm, MPa, na, MPa, MPa, na, na, na, na, na, na, na, na, na, na, na
na, MPa, na, MPa, m/m, na, MPa, na, na, mm, mm, mm, MPa, na, MPa, MPa, na, na, na, na, na, na, na, na, na, na, na
na, MPa, na, MPa, m/m, na, MPa, na, na, mm, mm, mm, MPa, na, MPa, MPa, na, na, na, na, na, na, na, na, na, na, na
na, MPa, na, MPa, m/m, na, MPa, na, na, mm, mm, mm, MPa, na, MPa, MPa, na, na, na, na, na, na, na, na, na, na, na
na, MPa, na, MPa, m/m, na, MPa, na, na, mm, mm, mm, MPa, na, MPa, MPa, na, na, na, na, na, na, na, na, na, na, na
na, MPa, na, MPa, m/m, na, MPa, na, na, mm, mm, mm, MPa, na, MPa, MPa, na, na, na, na, na, na, na, na, na, na, na
na, MPa, na, MPa, m/m, na, MPa, na, na, mm, mm, mm, MPa, na, MPa, MPa, na, na, na, na, na, na, na, na, na, na, na
na, MPa, na, MPa, m/m, na, MPa, na, na, mm, mm, mm, MPa, na, MPa, MPa, na, na, na, na, na, na, na, na, na, na, na
na, MPa, na, MPa, m/m, na, MPa, na, na, mm, mm, mm, MPa, na, MPa, MPa, na, na, na, na, na, na, na, na, na, na, na
na, MPa, na, MPa, m/m, na, MPa, na, na, mm, mm, mm, MPa, na, MPa, MPa, na, na, na, na, na, na, na, na, na, na, na
na, MPa, na, MPa, m/m, na, MPa, na, na, mm, mm, mm, MPa, na, MPa, MPa, na, na, na, na, na, na, na, na, na, na, na
na, MPa, na, MPa, m/m, na, MPa, na, na, mm, mm, mm, MPa, na, MPa, MPa, na, na, na, na, na, na, na, na, na, na, na
na, MPa, na, MPa, m/m, na, MPa, na, na, mm, mm, mm, MPa, na, MPa, MPa, na, na, na, na, na, na, na, na, na, na, na
na, MPa, na, MPa, m/m, na, MPa, na, na, mm, mm, mm, MPa, na, MPa, MPa, na, na, na, na, na, na, na, na, na, na, na
na, MPa, na, MPa, m/m, na, MPa, na, na, mm, mm, mm, MPa, na, MPa, MPa, na, na, na, na, na, na, na, na, na, na, na
na, MPa, na, MPa, m/m, na, MPa, na, na, mm, mm, mm, MPa, na, MPa, MPa, na, na, na, na, na, na, na, na, na, na, na
na, MPa, na, MPa, m/m, na, MPa, na, na, mm, mm, mm, MPa, na, MPa, MPa, na, na, na, na, na, na, na, na, na, na, na
na, MPa, na, MPa, m/m, na, MPa, na, na, mm, mm, mm, MPa, na, MPa, MPa, na, na, na, na, na, na, na, na, na, na, na
na, MPa, na, MPa, m/m, na, MPa, na, na, mm, mm, mm, MPa, na, MPa, MPa, na, na, na, na, na, na, na, na, na, na, na
na, MPa, na, MPa, m/m, na, MPa, na, na, mm, mm, mm, MPa, na, MPa, MPa, na, na, na, na, na, na, na, na, na, na, na
na, MPa, na, MPa, m/m, na, MPa, na, na, mm, mm, mm, MPa, na, MPa, MPa, na, na, na, na, na, na, na, na, na, na, na
na, MPa, na, MPa, m/m, na, MPa, na, na, mm, mm, mm, MPa, na, MPa, MPa, na, na, na, na, na, na, na, na, na, na, na
na, MPa, na, MPa, m/m, na, MPa, na, na, mm, mm, mm, MPa, na, MPa, MPa, na, na, na, na, na, na, na, na, na, na, na
na, MPa, na, MPa, m/m, na, MPa, na, na, mm, mm, mm, MPa, na, MPa, MPa, na, na, na, na, na, na, na, na, na, na, na
na, MPa, na, MPa, m/m, na, MPa, na, na, mm, mm, mm, MPa, na, MPa, MPa, na, na, na, na, na, na, na, na, na, na, na
na, MPa, na, MPa, m/m, na, MPa, na, na, mm, mm, mm, MPa, na, MPa, MPa, na, na, na, na, na, na, na, na, na, na, na
na, MPa, na, MPa, m/m, na, MPa, na, na, mm, mm, mm, MPa, na, MPa, MPa, na, na, na, na, na, na, na, na, na, na, na
na, MPa, na, MPa, m/m, na, MPa, na, na, mm, mm, mm, MPa, na, MPa, MPa, na, na, na, na, na, na, na, na, na, na, na
na, MPa, na, MPa, m/m, na, MPa, na, na, mm, mm, mm, MPa, na, MPa, MPa, na, na, na, na, na, na, na, na, na, na, na
na, MPa, na, MPa, m/m, na, MPa, na, na, mm, mm, mm, MPa, na, MPa, MPa, na, na, na, na, na, na, na, na, na, na, na
na, MPa, na, MPa, m/m, na, MPa, na, na, mm, mm, mm, MPa, na, MPa, MPa, na, na, na, na, na, na, na, na, na, na, na
na, MPa, na, MPa, m/m, na, MPa, na, na, mm, mm, mm, MPa, na, MPa, MPa, na, na, na, na, na, na, na, na, na, na, na
na, MPa, na, MPa, m/m, na, MPa, na, na, mm, mm, mm, MPa, na, MPa, MPa, na, na, na, na, na, na, na, na, na, na, na
na, MPa, na, MPa, m/m, na, MPa, na, na, mm, mm, mm, MPa, na, MPa, MPa, na, na, na, na, na, na, na, na, na, na, na
na, MPa, na, MPa, m/m, na, MPa, na, na, mm, mm, mm, MPa, na, MPa, MPa, na, na, na, na, na, na, na, na, na, na, na
na, MPa, na, MPa, m/m, na, MPa, na, na, mm, mm, mm, MPa, na, MPa, MPa, na, na, na, na, na, na, na, na, na, na, na
na, MPa, na, MPa, m/m, na, MPa, na, na, mm, mm, mm, MPa, na, MPa, MPa, na, na, na, na, na, na, na, na, na, na, na
na, MPa, na, MPa, m/m, na, MPa, na, na, mm, mm, mm, MPa, na, MPa, MPa, na, na, na, na, na, na, na, na, na, na, na
na, MPa, na, MPa, m/m, na, MPa, na, na, mm, mm, mm, MPa, na, MPa, MPa, na, na, na, na, na, na, na, na, na, na, na
na, MPa, na, MPa, m/m, na, MPa, na, na, mm, mm, mm, MPa, na, MPa, MPa, na, na, na, na, na, na, na, na, na, na, na
na, MPa, na, MPa, m/m, na, MPa, na, na, mm, mm, mm, MPa, na, MPa, MPa, na, na, na, na, na, na, na, na, na, na, na
na, MPa, na, MPa, m/m, na, MPa, na, na, mm, mm, mm, MPa, na, MPa, MPa, na, na, na, na, na, na, na, na, na, na, na
na, MPa, na, MPa, m/m, na, MPa, na, na, mm, mm, mm, MPa, na, MPa, MPa, na, na, na, na, na, na, na, na, na, na, na
na, MPa, na, MPa, m/m, na, MPa, na, na, mm, mm, mm, MPa, na, MPa, MPa, na, na, na, na, na, na, na, na, na, na, na
na, MPa, na, MPa, m/m, na, MPa, na, na, mm, mm, mm, MPa, na, MPa, MPa, na, na, na, na, na, na, na, na, na, na, na
na, MPa, na, MPa, m/m, na, MPa, na, na, mm, mm, mm, MPa, na, MPa, MPa, na, na, na, na, na, na, na, na, na, na, na
na, MPa, na, MPa, m/m, na, MPa, na, na, mm, mm, mm, MPa, na, MPa, MPa, na, na, na, na, na, na, na, na, na, na, na
na, MPa, na, MPa, m/m, na, MPa, na, na, mm, mm, mm, MPa, na, MPa, MPa, na, na, na, na, na, na, na, na, na, na, na
na, MPa, na, MPa, m/m, na, MPa, na, na, mm, mm, mm, MPa, na, MPa, MPa, na, na, na, na, na, na, na, na, na, na, na
na, MPa, na, MPa, m/m, na, MPa, na, na, mm, mm, mm, MPa, na, MPa, MPa, na, na, na, na, na, na, na, na, na, na, na
na, MPa, na, MPa, m/m, na, MPa, na, na, mm, mm, mm, MPa, na, MPa, MPa, na, na, na, na, na, na, na, na, na, na, na
na, MPa, na, MPa, m/m, na, MPa, na, na, mm, mm, mm, MPa, na, MPa, MPa, na, na, na, na, na, na, na, na, na, na, na
na, MPa, na, MPa, m/m, na, MPa, na, na, mm, mm, mm, MPa, na, MPa, MPa, na, na, na, na, na, na, na, na, na, na, na
na, MPa, na, MPa, m/m, na, MPa, na, na, mm, mm, mm, MPa, na, MPa, MPa, na, na, na, na, na, na, na, na, na, na, na
na, MPa, na, MPa, m/m, na, MPa, na, na, mm, mm, mm, MPa, na, MPa, MPa, na, na, na, na, na, na, na, na, na, na, na
na, MPa, na, MPa, m/m, na, MPa, na, na, mm, mm, mm, MPa, na, MPa, MPa, na, na, na, na, na, na, na, na, na, na, na
na, MPa, na, MPa, m/m, na, MPa, na, na, mm, mm, mm, MPa, na, MPa, MPa, na, na, na, na, na, na, na, na, na, na, na
na, MPa, na, MPa, m/m, na, MPa, na, na, mm, mm, mm, MPa, na, MPa, MPa, na, na, na, na, na, na, na, na, na, na, na
na, MPa, na, MPa, m/m, na, MPa, na, na, mm, mm, mm, MPa, na, MPa, MPa, na, na, na, na, na, na, na, na, na, na, na
na, MPa, na, MPa, m/m, na, MPa, na, na, mm, mm, mm, MPa, na, MPa, MPa, na, na, na, na, na, na, na, na, na, na, na
na, MPa, na, MPa, m/m, na, MPa, na, na, mm, mm, mm, MPa, na, MPa, MPa, na, na, na, na, na, na, na, na, na, na, na
na, MPa, na, MPa, m/m, na, MPa, na, na, mm, mm, mm, MPa, na, MPa, MPa, na, na, na, na, na, na, na, na, na, na, na
na, MPa, na, MPa, m/m, na, MPa, na, na, mm, mm, mm, MPa, na, MPa, MPa, na, na, na, na, na, na, na, na, na, na, na
na, MPa, na, MPa, m/m, na, MPa, na, na, mm, mm, mm, MPa, na, MPa, MPa, na, na, na, na, na, na, na, na, na, na, na
na, MPa, na, MPa, m/m, na, MPa, na, na, mm, mm, mm, MPa, na, MPa, MPa, na, na, na, na, na, na, na, na, na, na, na
na, MPa, na, MPa, m/m, na, MPa, na, na, mm, mm, mm, MPa, na, MPa, MPa, na, na, na, na, na, na, na, na, na, na, na
na, MPa, na, MPa, m/m, na, MPa, na, na, mm, mm, mm, MPa, na, MPa, MPa, na, na, na, na, na, na, na, na, na, na, na
na, MPa, na, MPa, m/m, na, MPa, na, na, mm, mm, mm, MPa, na, MPa, MPa, na, na, na, na, na, na, na, na, na, na, na
na, MPa, na, MPa, m/m, na, MPa, na, na, mm, mm, mm, MPa, na, MPa, MPa, na, na, na, na, na, na, na, na, na, na, na
na, MPa, na, MPa, m/m, na, MPa, na, na, mm, mm, mm, MPa, na, MPa, MPa, na, na, na, na, na, na, na, na, na, na, na
na, MPa, na, MPa, m/m, na, MPa, na, na, mm, mm, mm, MPa, na, MPa, MPa, na, na, na, na, na, na, na, na, na, na, na
na, MPa, na, MPa, m/m, na, MPa, na, na, mm, mm, mm, MPa, na, MPa, MPa, na, na, na, na, na, na, na, na, na, na, na
na, MPa, na, MPa, m/m, na, MPa, na, na, mm, mm, mm, MPa, na, MPa, MPa, na, na, na, na, na, na, na, na, na, na, na
na, MPa, na, MPa, m/m, na, MPa, na, na, mm, mm, mm, MPa, na, MPa, MPa, na, na, na, na, na, na, na, na, na, na, na
na, MPa, na, MPa, m/m, na, MPa, na, na, mm, mm, mm, MPa, na, MPa, MPa, na, na, na, na, na, na, na, na, na, na, na
na, MPa, na, MPa, m/m, na, MPa, na, na, mm, mm, mm, MPa, na, MPa, MPa, na, na, na, na, na, na, na, na, na, na, na
na, MPa, na, MPa, m/m, na, MPa, na, na, mm, mm, mm, MPa, na, MPa, MPa, na, na, na, na, na, na, na, na, na, na, na
na, MPa, na, MPa, m/m, na, MPa, na, na, mm, mm, mm, MPa, na, MPa, MPa, na, na, na, na, na, na, na, na, na, na, na
na, MPa, na, MPa, m/m, na, MPa, na, na, mm, mm, mm, MPa, na, MPa, MPa, na, na, na, na, na, na, na, na, na, na, na
na, MPa, na, MPa, m/m, na, MPa, na, na, mm, mm, mm, MPa, na, MPa, MPa, na, na, na, na, na, na, na, na, na, na, na
na, MPa, na, MPa, m/m, na, MPa, na, na, mm, mm, mm, MPa, na, MPa, MPa, na, na, na, na, na, na, na, na, na, na, na
na, MPa, na, MPa, m/m, na, MPa, na, na, mm, mm, mm, MPa, na, MPa, MPa, na, na, na, na, na, na, na, na, na, na, na
na, MPa, na, MPa, m/m, na, MPa, na, na, mm, mm, mm, MPa, na, MPa, MPa, na, na, na, na, na, na, na, na, na, na, na
na, MPa, na, MPa, m/m, na, MPa, na, na, mm, mm, mm, MPa, na, MPa, MPa, na, na, na, na, na, na, na, na, na, na, na
na, MPa, na, MPa, m/m, na, MPa, na, na, mm, mm, mm, MPa, na, MPa, MPa, na, na, na, na, na, na, na, na, na, na, na
na, MPa, na, MPa, m/m, na, MPa, na, na, mm, mm, mm, MPa, na, MPa, MPa, na, na, na, na, na, na, na, na, na, na, na
na, MPa, na, MPa, m/m, na, MPa, na, na, mm, mm, mm, MPa, na, MPa, MPa, na, na, na, na, na, na, na, na, na, na, na
na, MPa, na, MPa, m/m, na, MPa, na, na, mm, mm, mm, MPa, na, MPa, MPa, na, na, na, na, na, na, na, na, na, na, na
na, MPa, na, MPa, m/m, na, MPa, na, na, mm, mm, mm, MPa, na, MPa, MPa, na, na, na, na, na, na, na, na, na, na, na
na, MPa, na, MPa, m/m, na, MPa, na, na, mm, mm, mm, MPa, na, MPa, MPa, na, na, na, na, na, na, na, na, na, na, na
na, MPa, na, MPa, m/m, na, MPa, na, na, mm, mm, mm, MPa, na, MPa, MPa, na, na, na, na, na, na, na, na, na, na, na
na, MPa, na, MPa, m/m, na, MPa, na, na, mm, mm, mm, MPa, na, MPa, MPa, na, na, na, na, na, na, na, na, na, na, na
na, MPa, na, MPa, m/m, na, MPa, na, na, mm, mm, mm, MPa, na, MPa, MPa, na, na, na, na, na, na, na, na, na, na, na
na, MPa, na, MPa, m/m, na, MPa, na, na, mm, mm, mm, MPa, na, MPa, MPa, na, na, na, na, na, na, na, na, na, na, na
na, MPa, na, MPa, m/m, na, MPa, na, na, mm, mm, mm, MPa, na, MPa, MPa, na, na, na, na, na, na, na, na, na, na, na
na, MPa, na, MPa, m/m, na, MPa, na, na, mm, mm, mm, MPa, na, MPa, MPa, na, na, na, na, na, na, na, na, na, na, na
na, MPa, na, MPa, m/m, na, MPa, na, na, mm, mm, mm, MPa, na, MPa, MPa, na, na, na, na, na, na, na, na, na, na, na
na, MPa, na, MPa, m/m, na, MPa, na, na, mm, mm, mm, MPa, na, MPa, MPa, na, na, na, na, na, na, na, na, na, na, na
na, MPa, na, MPa, m/m, na, MPa, na, na, mm, mm, mm, MPa, na, MPa, MPa, na, na, na, na, na, na, na, na, na, na, na
na, MPa, na, MPa, m/m, na, MPa, na, na, mm, mm, mm, MPa, na, MPa, MPa, na, na, na, na, na, na, na, na, na, na, na
na, MPa, na, MPa, m/m, na, MPa, na, na, mm, mm, mm, MPa, na, MPa, MPa, na, na, na, na, na, na, na, na, na, na, na
na, MPa, na, MPa, m/m, na, MPa, na, na, mm, mm, mm, MPa, na, MPa, MPa, na, na, na, na, na, na, na, na, na, na, na
na, MPa, na, MPa, m/m, na, MPa, na, na, mm, mm, mm, MPa, na, MPa, MPa, na, na, na, na, na, na, na, na, na, na, na
na, MPa, na, MPa, m/m, na, MPa, na, na, mm, mm, mm, MPa, na, MPa, MPa, na, na, na, na, na, na, na, na, na, na, na
na, MPa, na, MPa, m/m, na, MPa, na, na, mm, mm, mm, MPa, na, MPa, MPa, na, na, na, na, na, na, na, na, na, na, na
na, MPa, na, MPa, m/m, na, MPa, na, na, mm, mm, mm, MPa, na, MPa, MPa, na, na, na, na, na, na, na, na, na, na, na
na, MPa, na, MPa, m/m, na, MPa, na, na, mm, mm, mm, MPa, na, MPa, MPa, na, na, na, na, na, na, na, na, na, na, na
na, MPa, na, MPa, m/m, na, MPa, na, na, mm, mm, mm, MPa, na, MPa, MPa, na, na, na, na, na, na, na, na, na, na, na
na, MPa, na, MPa, m/m, na, MPa, na, na, mm, mm, mm, MPa, na, MPa, MPa, na, na, na, na, na, na, na, na, na, na, na
na, MPa, na, MPa, m/m, na, MPa, na, na, mm, mm, mm, MPa, na, MPa, MPa, na, na, na, na, na, na, na, na, na, na, na
na, MPa, na, MPa, m/m, na, MPa, na, na, mm, mm, mm, MPa, na, MPa, MPa, na, na, na, na, na, na, na, na, na, na, na
na, MPa, na, MPa, m/m, na, MPa, na, na, mm, mm, mm, MPa, na, MPa, MPa, na, na, na, na, na, na, na, na, na, na, na
na, MPa, na, MPa, m/m, na, MPa, na, na, mm, mm, mm, MPa, na, MPa, MPa, na, na, na, na, na, na, na, na, na, na, na
na, MPa, na, MPa, m/m, na, MPa, na, na, mm, mm, mm, MPa, na, MPa, MPa, na, na, na, na, na, na, na, na, na, na, na
na, MPa, na, MPa, m/m, na, MPa, na, na, mm, mm, mm, MPa, na, MPa, MPa, na, na, na, na, na, na, na, na, na, na, na
na, MPa, na, MPa, m/m, na, MPa, na, na, mm, mm, mm, MPa, na, MPa, MPa, na, na, na, na, na, na, na, na, na, na, na
na, MPa, na, MPa, m/m, na, MPa, na, na, mm, mm, mm, MPa, na, MPa, MPa, na, na, na, na, na, na, na, na, na, na, na
na, MPa, na, MPa, m/m, na, MPa, na, na, mm, mm, mm, MPa, na, MPa, MPa, na, na, na, na, na, na, na, na, na, na, na
na, MPa, na, MPa, m/m, na, MPa, na, na, mm, mm, mm, MPa, na, MPa, MPa, na, na, na, na, na, na, na, na, na, na, na
na, MPa, na, MPa, m/m, na, MPa, na, na, mm, mm, mm, MPa, na, MPa, MPa, na, na, na, na, na, na, na, na, na, na, na
na, MPa, na, MPa, m/m, na, MPa, na, na, mm, mm, mm, MPa, na, MPa, MPa, na, na, na, na, na, na, na, na, na, na, na
na, MPa, na, MPa, m/m, na, MPa, na, na, mm, mm, mm, MPa, na, MPa, MPa, na, na, na, na, na, na, na, na, na, na, na
na, MPa, na, MPa, m/m, na, MPa, na, na, mm, mm, mm, MPa, na, MPa, MPa, na, na, na, na, na, na, na, na, na, na, na
na, MPa, na, MPa, m/m, na, MPa, na, na, mm, mm, mm, MPa, na, MPa, MPa, na, na, na, na, na, na, na, na, na, na, na
na, MPa, na, MPa, m/m, na, MPa, na, na, mm, mm, mm, MPa, na, MPa, MPa, na, na, na, na, na, na, na, na, na, na, na
na, MPa, na, MPa, m/m, na, MPa, na, na, mm, mm, mm, MPa, na, MPa, MPa, na, na, na, na, na, na, na, na, na, na, na
na, MPa, na, MPa, m/m, na, MPa, na, na, mm, mm, mm, MPa, na, MPa, MPa, na, na, na, na, na, na, na, na, na, na, na
na, MPa, na, MPa, m/m, na, MPa, na, na, mm, mm, mm, MPa, na, MPa, MPa, na, na, na, na, na, na, na, na, na, na, na
na, MPa, na, MPa, m/m, na, MPa, na, na, mm, mm, mm, MPa, na, MPa, MPa, na, na, na, na, na, na, na, na, na, na, na
na, MPa, na, MPa, m/m, na, MPa, na, na, mm, mm, mm, MPa, na, MPa, MPa, na, na, na, na, na, na, na, na, na, na, na
na, MPa, na, MPa, m/m, na, MPa, na, na, mm, mm, mm, MPa, na, MPa, MPa, na, na, na, na, na, na, na, na, na, na, na
na, MPa, na, MPa, m/m, na, MPa, na, na, mm, mm, mm, MPa, na, MPa, MPa, na, na, na, na, na, na, na, na, na, na, na
na, MPa, na, MPa, m/m, na, MPa, na, na, mm, mm, mm, MPa, na, MPa, MPa, na, na, na, na, na, na, na, na, na, na, na
na, MPa, na, MPa, m/m, na, MPa, na, na, mm, mm, mm, MPa, na, MPa, MPa, na, na, na, na, na, na, na, na, na, na, na
na, MPa, na, MPa, m/m, na, MPa, na, na, mm, mm, mm, MPa, na, MPa, MPa, na, na, na, na, na, na, na, na, na, na, na
na, MPa, na, MPa, m/m, na, MPa, na, na, mm, mm, mm, MPa, na, MPa, MPa, na, na, na, na, na, na, na, na, na, na, na
na, MPa, na, MPa, m/m, na, MPa, na, na, mm, mm, mm, MPa, na, MPa, MPa, na, na, na, na, na, na, na, na, na, na, na
na, MPa, na, MPa, m/m, na, MPa, na, na, mm, mm, mm, MPa, na, MPa, MPa, na, na, na, na, na, na, na, na, na, na, na
na, MPa, na, MPa, m/m, na, MPa, na, na, mm, mm, mm, MPa, na, MPa, MPa, na, na, na, na, na, na, na, na, na, na, na
na, MPa, na, MPa, m/m, na, MPa, na, na, mm, mm, mm, MPa, na, MPa, MPa, na, na, na, na, na, na, na, na, na, na, na
na, MPa, na, MPa, m/m, na, MPa, na, na, mm, mm, mm, MPa, na, MPa, MPa, na, na, na, na, na, na, na, na, na, na, na
na, MPa, na, MPa, m/m, na, MPa, na, na, mm, mm, mm, MPa, na, MPa, MPa, na, na, na, na, na, na, na, na, na, na, na
na, MPa, na, MPa, m/m, na, MPa, na, na, mm, mm, mm, MPa, na, MPa, MPa, na, na, na, na, na, na, na, na, na, na, na
na, MPa, na, MPa, m/m, na, MPa, na, na, mm, mm, mm, MPa, na, MPa, MPa, na, na, na, na, na, na, na, na, na, na, na
na, MPa, na, MPa, m/m, na, MPa, na, na, mm, mm, mm, MPa, na, MPa, MPa, na, na, na, na, na, na, na, na, na, na, na
na, MPa, na, MPa, m/m, na, MPa, na, na, mm, mm, mm, MPa, na, MPa, MPa, na, na, na, na, na, na, na, na, na, na, na
